{
  "experiment_info": {
    "timestamp": "2025-08-11T17:02:07.513893",
    "model_name": "LayerSegmentationCNN",
    "datasets_used": [
      "Duke"
    ],
    "total_samples": 700,
    "target_size": [
      224,
      224
    ]
  },
  "hyperparameters": {
    "num_classes": 3,
    "num_epochs": 50,
    "batch_size": 8,
    "learning_rate": 0.0001,
    "train_test_split": {
      "train": 560,
      "test": 140
    },
    "optimizer": "Adam",
    "loss_function": "CrossEntropyLoss + DiceLoss",
    "max_samples_per_dataset": 700
  },
  "training_metrics": {
    "train_losses": [
      1.8111213377543858,
      1.3745943222727095,
      1.1342939240591867,
      1.018551038844245,
      0.9854858892304557,
      0.8967400406088147,
      0.8031886586121151,
      0.6219014623335429,
      0.3861645553793226,
      0.3062469527125359,
      0.2506022340485028,
      0.19860315344163348,
      0.15840378084353038,
      0.14237756537539617,
      0.16602116929633276,
      0.12131193237645285,
      0.12122727440936225,
      0.1249331927725247,
      0.11063586037073816,
      0.10542153311627252,
      0.0993047507745879,
      0.10047145241073199,
      0.09626184840287481,
      0.09348694565040724,
      0.09106517136096955,
      0.08819837080580847,
      0.09300583409411567,
      0.08635937316077096,
      0.08828386291861534,
      0.08294314561145646,
      0.08277866638132504,
      0.085234634578228,
      0.08176063065017973,
      0.07814279512635298,
      0.07836185033832277,
      0.07795360907912255,
      0.07556191714746611,
      0.07658500149846077,
      0.07490073394562517,
      0.07452944650181702,
      0.07593724855354854,
      0.07125908902713231,
      0.07248837325189794,
      0.07120726619447981,
      0.07189574257603713,
      0.0687122647783586,
      0.0687968698995454,
      0.06762558056839875,
      0.06740521926965032,
      0.06806014573999813
    ],
    "val_losses": [
      1.5581960280736287,
      1.1882452501191034,
      1.0907193620999653,
      0.964913566907247,
      0.898177382018831,
      0.813396135965983,
      0.6998981502321031,
      0.4644894070095486,
      0.33739346928066677,
      0.29101219938861,
      0.17234562006261614,
      0.24570104479789734,
      0.13230195765693983,
      0.12110065296292305,
      0.14887982441319358,
      0.10797585174441338,
      0.17187728567255867,
      0.21172519110971028,
      0.096922783801953,
      0.10228922838966052,
      0.09581256699230936,
      0.09191426758964856,
      0.09218799529804124,
      0.10223833554320866,
      0.08655816771917874,
      0.0848876035047902,
      0.08604515054159695,
      0.0831359252333641,
      0.08971571963694361,
      0.07869355504711469,
      0.08341410218013658,
      0.0789354360765881,
      0.08077159482571813,
      0.08836628744999568,
      0.07585402288370663,
      0.07739093568589953,
      0.08369654127293163,
      0.07946816045376989,
      0.07291076104674074,
      0.0719279655151897,
      0.0744295207162698,
      0.06972749138043986,
      0.06748791556391451,
      0.06805051842497455,
      0.06824735779729155,
      0.07017818900446098,
      0.06596054881811142,
      0.06535582596229182,
      0.0651659799946679,
      0.06799836373991436
    ],
    "val_dice_scores": [
      0.3122367179193707,
      0.29562051655914356,
      0.4863114575553617,
      0.6216838528160696,
      0.6280896729893154,
      0.7014576858944364,
      0.7726905125158805,
      0.8571245228802715,
      0.8814656447481226,
      0.9075101338050983,
      0.9345698919561174,
      0.9231365874961569,
      0.947470141781701,
      0.9512377557931124,
      0.938762053295418,
      0.9558969813364523,
      0.941926825929571,
      0.9297917794298242,
      0.958840502632989,
      0.9574175432876305,
      0.9598174812617126,
      0.9596784821263066,
      0.9601601461569468,
      0.954907610460564,
      0.9617190636970379,
      0.9621888156290406,
      0.9624563941249141,
      0.9630131953292425,
      0.9621641989107486,
      0.9650891257656945,
      0.9629566459744066,
      0.9645191420007636,
      0.9645983576774597,
      0.9602310999676035,
      0.9658299982547762,
      0.9651076462533739,
      0.9628395614800629,
      0.963951493854876,
      0.9666286066726401,
      0.9662461976210276,
      0.9661094689810719,
      0.9677908519903818,
      0.9684579648353436,
      0.9680122048766526,
      0.9685294484650648,
      0.9679959261858904,
      0.9689798156420389,
      0.9691882806795616,
      0.969287904324355,
      0.967960000038147
    ],
    "val_iou_scores": [
      0.2124730083181661,
      0.21861309374260063,
      0.3750081558742009,
      0.48390071011251873,
      0.47573596901363796,
      0.5540063036260781,
      0.6353402043934222,
      0.7643897654833618,
      0.7993721641876079,
      0.8367676370673709,
      0.882470980838493,
      0.8613667896500341,
      0.9040615757306417,
      0.9105476008521186,
      0.8899312769925152,
      0.9185567774154523,
      0.8932280452163133,
      0.8729313921045373,
      0.9237554062295844,
      0.9210647973749373,
      0.9254185579441212,
      0.9253433788264238,
      0.9260324946156255,
      0.9173598223262363,
      0.9289232702166945,
      0.9297665545233974,
      0.9300345568745225,
      0.9311699138747321,
      0.929235620631112,
      0.9347894865053671,
      0.931022380237226,
      0.9338221009130832,
      0.9337952865494622,
      0.9263892571131388,
      0.9361303658397109,
      0.9348002186527958,
      0.9307735308452888,
      0.9328150285614861,
      0.9375715719328986,
      0.936998219401748,
      0.9366024456642291,
      0.9396581727045555,
      0.9408641402368192,
      0.9400579101509519,
      0.9408973422315385,
      0.9399594256171473,
      0.9417551446844029,
      0.9421336408014649,
      0.9422903833565888,
      0.9399556031933537
    ],
    "val_precision_scores": [
      0.32022804694457185,
      0.49784695205313184,
      0.6876554547084701,
      0.7290925355973067,
      0.7439481638095997,
      0.7984355743284578,
      0.7927759940977449,
      0.8217076890998416,
      0.9388578324406236,
      0.8804842719325312,
      0.9412446209677943,
      0.9370057660120507,
      0.9521814783414205,
      0.9502564282328994,
      0.9480757923037919,
      0.9461303187741174,
      0.9226640429761674,
      0.9018054372734494,
      0.9619381460878582,
      0.9488810499509176,
      0.9515774746735891,
      0.9529265032874213,
      0.956772102249993,
      0.9376382540773464,
      0.9527738822831046,
      0.9591984174869679,
      0.956477935667391,
      0.9653229161545082,
      0.9620202172685554,
      0.962216486533483,
      0.951472259230084,
      0.9583685409139703,
      0.9645323609864269,
      0.9437168041865029,
      0.9656028239815322,
      0.9571744015923253,
      0.959911964557789,
      0.9596438540352717,
      0.9613558804547344,
      0.9655015303028954,
      0.9718387115884709,
      0.965114211594617,
      0.9669993144494516,
      0.96670960938489,
      0.9668761933291399,
      0.9684597860883782,
      0.967621421372449,
      0.9700688311347255,
      0.9661556371936091,
      0.9736120645646698
    ],