{
  "experiment_info": {
    "timestamp": "2025-08-05T15:04:22.483355",
    "model_name": "LayerSegmentationCNN",
    "datasets_used": [
      "Nemours"
    ],
    "total_samples": 310,
    "target_size": [
      224,
      224
    ]
  },
  "hyperparameters": {
    "num_classes": 3,
    "num_epochs": 50,
    "batch_size": 8,
    "learning_rate": 0.0001,
    "train_test_split": {
      "train": 248,
      "test": 62
    },
    "optimizer": "Adam",
    "loss_function": "CrossEntropyLoss + DiceLoss",
    "max_samples_per_dataset": null
  },
  "training_metrics": {
    "train_losses": [
      1.8885013826431767,
      1.7727849252762333,
      1.164812695595526,
      0.9074253189948297,
      0.840765522372338,
      0.7627831274463285,
      0.5792609174405375,
      0.481877286587992,
      0.4246016260116331,
      0.4006501407392563,
      0.39736028832774006,
      0.3729823616243178,
      0.3012134125155787,
      0.27794903084155054,
      0.24315954023791897,
      0.24019466148268792,
      0.2047048980189908,
      0.21229791785440139,
      0.1978788897395134,
      0.1860860434751357,
      0.18257329276492518,
      0.18699692117591057,
      0.18990456144655904,
      0.17602524065202282,
      0.19676432133682312,
      0.1692215240290088,
      0.1643155558455375,
      0.16873212687430844,
      0.15945020414167835,
      0.1740718363754211,
      0.15092087537050247,
      0.17172007142536103,
      0.15019608264969242,
      0.1447407879656361,
      0.14487641352799632,
      0.16866653316443966,
      0.14072175251860772,
      0.15229150196236949,
      0.13872399806014954,
      0.13627937604342738,
      0.13646763154575903,
      0.13888481019004698,
      0.1331354761796613,
      0.13496991030631528,
      0.13710242461773656,
      0.13627638066968611,
      0.13647192644496117,
      0.12778975526171346,
      0.13523617050340098,
      0.12678537758127337
    ],
    "val_losses": [
      1.8755363523960114,
      1.4748435020446777,
      1.027525134384632,
      0.8623905554413795,
      0.8360374644398689,
      0.7385242059826851,
      0.5491190403699875,
      0.5038027204573154,
      0.4903000071644783,
      0.4443785920739174,
      0.4459701292216778,
      0.4039308689534664,
      0.33526304736733437,
      0.3040422070771456,
      0.31470941938459873,
      0.3103582579642534,
      0.2622349876910448,
      0.262997267767787,
      0.24983020406216383,
      0.22614419739693403,
      0.2471103798598051,
      0.23431213572621346,
      0.2795112878084183,
      0.21531993709504604,
      0.22683574445545673,
      0.21126182563602924,
      0.19425519742071629,
      0.21084902621805668,
      0.19647968467324972,
      0.19307302683591843,
      0.18889867514371872,
      0.19995190296322107,
      0.182866046205163,
      0.19206284917891026,
      0.18785537872463465,
      0.18306861072778702,
      0.19824866391718388,
      0.1710253693163395,
      0.17445040307939053,
      0.17766747437417507,
      0.19158266577869654,
      0.18399131949990988,
      0.17086757253855467,
      0.18743680883198977,
      0.17403405532240868,
      0.171014241874218,
      0.1647314103320241,
      0.167638567276299,
      0.16836981195956469,
      0.18552347272634506
    ],
    "val_dice_scores": [
      0.02074244214842717,
      0.3223588148442408,
      0.3095180044571559,
      0.32018384971888736,
      0.3704427108168602,
      0.5478843955158179,
      0.6192770404741168,
      0.71613934263587,
      0.7429547837624948,
      0.772013643135627,
      0.7592445065577825,
      0.8043811842799187,
      0.8470584899187088,
      0.8627386751274267,
      0.8650727855662506,
      0.8699140412112076,
      0.8974722164372604,
      0.8743123797078928,
      0.8944872741897901,
      0.9063839688897133,
      0.8896850670377414,
      0.9028187791506449,
      0.8710046311219534,
      0.9012823576728504,
      0.8868539755543072,
      0.9085582196712494,
      0.9128749308486779,
      0.9059425853192806,
      0.9127800216277441,
      0.9105970213810604,
      0.9183526448905468,
      0.909002561122179,
      0.9202282068630059,
      0.9182608065505822,
      0.9216286664207776,
      0.916313711553812,
      0.9215203461547692,
      0.9253024669984976,
      0.9213221284250419,
      0.9273173585534096,
      0.9200747224191825,
      0.9227686425050099,
      0.9246140172084173,
      0.908738985657692,
      0.9243072246511777,
      0.9251356149713199,
      0.9288772828876972,
      0.9246451432506243,
      0.9239074823757012,
      0.9173542236288389
    ],
    "val_iou_scores": [
      0.010794537995631497,
      0.28647605182292557,
      0.28890863309303916,
      0.29492726717338275,
      0.32502040426091605,
      0.4782901706506285,
      0.5571468519434953,
      0.6272453401858609,
      0.6506162695586681,
      0.6780726984143257,
      0.6656353504707416,
      0.711968728651603,
      0.7631489653140306,
      0.7825999564180771,
      0.7834460412462553,
      0.7911628813793262,
      0.831928938627243,
      0.8000675899287065,
      0.8279057269295057,
      0.8452996512254078,
      0.8205814051131407,
      0.8401686077316602,
      0.7937259810666243,
      0.8380331248044968,
      0.8174675988654295,
      0.8491016539434592,
      0.8554830774664879,
      0.8459106795489788,
      0.8553020345667998,
      0.8521906808018684,
      0.8646097630262375,
      0.8501105134685834,
      0.8676069093247254,
      0.8641734483341377,
      0.8699257199962933,
      0.8612372614443302,
      0.8696436695754528,
      0.8759079910814762,
      0.8694325660665829,
      0.8792672666410606,
      0.8672840893268585,
      0.8715219149986904,
      0.8746325448155403,
      0.8498292180399101,
      0.8747134593625864,
      0.8750209808349609,
      0.8819175983468692,
      0.8747064433991909,
      0.8739720198015373,
      0.8632640553017457
    ],
    "val_precision_scores": [
      0.010794537995631497,
      0.3201817174752553,
      0.28919734309116996,
      0.3602944196512302,
      0.622975236736238,
      0.6402902581418555,
      0.6793327902754148,
      0.7217937695483366,
      0.7402254690726597,
      0.7566340826451778,
      0.7283592708408833,
      0.8001024747888247,
      0.8402787620822589,
      0.8738224829236667,
      0.8839841137329737,
      0.8874161168932915,
      0.9069883252183596,
      0.8733410884936651,
      0.9093230788906415,
      0.9225347489118576,
      0.903743160267671,
      0.9224796891212463,
      0.8971358761191368,
      0.9061759933829308,
      0.8875134115417798,
      0.9189575190345447,
      0.9187539368867874,
      0.9298428371548653,
      0.9180768231550853,
      0.9238544205824534,
      0.9401155412197113,
      0.9278892353177071,
      0.9321508655945461,
      0.927076036731402,
      0.940913553039233,
      0.9250706906119983,
      0.942773940662543,
      0.9426779597997665,
      0.9345831125974655,
      0.9456670731306076,
      0.9408108294010162,
      0.9396224940816562,
      0.9436986496051152,
      0.9215133637189865,
      0.9448030938704809,
      0.9323120266199112,
      0.9467057610551516,
      0.9341245715816815,
      0.9393252556522688,
      0.9341519127289454
    ],