{
  "experiment_info": {
    "timestamp": "2025-08-05T16:33:13.486943",
    "model_name": "LayerSegmentationCNN",
    "datasets_used": [
      "Nemours",
      "Duke"
    ],
    "total_samples": 1400,
    "target_size": [
      224,
      224
    ]
  },
  "hyperparameters": {
    "num_classes": 3,
    "num_epochs": 50,
    "batch_size": 8,
    "learning_rate": 0.0001,
    "train_test_split": {
      "train": 1120,
      "test": 280
    },
    "optimizer": "Adam",
    "loss_function": "CrossEntropyLoss + DiceLoss",
    "max_samples_per_dataset": 700
  },
  "training_metrics": {
    "train_losses": [
      1.4636904418468475,
      0.9338132794414248,
      0.5614160235439029,
      0.3985739154475076,
      0.3110621721616813,
      0.26327111731682507,
      0.2355696811207703,
      0.20576094149478844,
      0.1922741458352123,
      0.1703840603253671,
      0.16210128313728742,
      0.14929166760827814,
      0.14568457635385648,
      0.1401127317654235,
      0.1274793769632067,
      0.1251708290406636,
      0.12552645046796118,
      0.11479834083999907,
      0.1141499437391758,
      0.10702914462557861,
      0.10603581007037843,
      0.10796951880412442,
      0.10140825983669077,
      0.09834205843508244,
      0.09946481737175158,
      0.09559651456241097,
      0.0932063961933766,
      0.09052131524575609,
      0.09059237992124898,
      0.0886077036548938,
      0.08925131809498582,
      0.08517354319670371,
      0.0830764343429889,
      0.08137753526014942,
      0.08025672174990177,
      0.08276542709874256,
      0.08167546138699566,
      0.0794717511428254,
      0.07721502176885094,
      0.07807002873825175,
      0.07537191339901515,
      0.07435588416244303,
      0.073525300329285,
      0.07390169892460108,
      0.07249920495918818,
      0.07032562781657492,
      0.07297348044812679,
      0.07087618338742427,
      0.0695928273190345,
      0.07014321589044162
    ],
    "val_losses": [
      1.1150485328265598,
      0.638974336215428,
      0.4097552001476288,
      0.4353340770517077,
      0.29432270782334463,
      0.27974640130996703,
      0.21512560290949687,
      0.35369505328791484,
      0.17027416825294495,
      0.21314459272793362,
      0.14547356303249087,
      0.1542103784424918,
      0.14674958671842303,
      0.12042146985019957,
      0.14061187697308405,
      0.17048754734652383,
      0.1122865983418056,
      0.12981219589710236,
      0.09998440146446227,
      0.11410157872097833,
      0.10361797043255397,
      0.11167581485850471,
      0.09340627810784749,
      0.1046039919768061,
      0.08902697414159774,
      0.1026866519025394,
      0.08722168909651892,
      0.08969781420060567,
      0.08479142997946058,
      0.08335459211042949,
      0.09172053592545645,
      0.08104564983929907,
      0.08603113123348781,
      0.07765252207006727,
      0.07787923546774046,
      0.0781842022069863,
      0.08703219741582871,
      0.07687715004597391,
      0.08188316226005554,
      0.07756599549736296,
      0.07458009017365319,
      0.07217551597527096,
      0.07443971229451044,
      0.07800816276243755,
      0.06870267114468984,
      0.07494552146111216,
      0.07526233004672186,
      0.07186467753989356,
      0.07510972970298359,
      0.0695310404258115
    ],
    "val_dice_scores": [
      0.27879625047956197,
      0.5987557479313441,
      0.7829232687041874,
      0.838849226349876,
      0.8818645766803196,
      0.8948388741129921,
      0.9075708871796018,
      0.8822509226344881,
      0.9253263621103195,
      0.9209719413802736,
      0.9342800378799438,
      0.9345585964974904,
      0.9350494401795524,
      0.9459198412441071,
      0.9417610616911026,
      0.9327546102660043,
      0.9502921768597195,
      0.9444644939331781,
      0.9548415246463957,
      0.9470314837637401,
      0.9530004898707073,
      0.9511519335565112,
      0.9575508725075494,
      0.9522942174048652,
      0.9597093491327194,
      0.9561489979426064,
      0.9607972826276506,
      0.9592891886120751,
      0.9611153125762939,
      0.9625073330742973,
      0.9594262980279469,
      0.9627621866407848,
      0.961903607277643,
      0.9646110239483061,
      0.9640566297939845,
      0.9643118364470346,
      0.9602630785533363,
      0.9644749715214684,
      0.9622486670811973,
      0.9641531478791011,
      0.9659185517401921,
      0.9672455413000924,
      0.9657409543082827,
      0.9645966773941405,
      0.9678165123576209,
      0.9656503756841025,
      0.9667254885037742,
      0.9672623310770307,
      0.9645724620137898,
      0.9675740383920214
    ],
    "val_iou_scores": [
      0.24020402999151322,
      0.5470489479246594,
      0.7011965511810211,
      0.7409954587618509,
      0.8029694761548724,
      0.8200092099961779,
      0.8418122180870601,
      0.7991512843540736,
      0.869443326336997,
      0.8598423225539071,
      0.8841821074485778,
      0.8830327618689763,
      0.8848197443144662,
      0.9023334548586891,
      0.8946969855399358,
      0.8788643717765808,
      0.9092434145155407,
      0.8994847303345089,
      0.9172871811049325,
      0.9046845055761792,
      0.9142177127656482,
      0.9109210224378675,
      0.9219047654242744,
      0.9129842531113398,
      0.9256259554908388,
      0.9189427512032645,
      0.9273912974766323,
      0.9248529695329213,
      0.9279582636696951,
      0.9302863507043747,
      0.9247485637664795,
      0.9309633748871939,
      0.9291995292618161,
      0.9340309023857116,
      0.9331665050415767,
      0.9335019985834758,
      0.926404677686237,
      0.9339143832524617,
      0.9299977438790458,
      0.9333356976509094,
      0.9363656571933201,
      0.9387213110923767,
      0.9360556097257704,
      0.9340865929921469,
      0.9397732592764356,
      0.9359555602073669,
      0.9376526247887386,
      0.9386864809762864,
      0.9341223166102454,
      0.9393184446153185
    ],
    "val_precision_scores": [
      0.24020402999151322,
      0.5798594548588706,
      0.8588458597660066,
      0.8035555445012593,
      0.8651605356307256,
      0.8947601091294062,
      0.8955286145210265,
      0.9151295082909721,
      0.9303715932936895,
      0.9260313539277939,
      0.943485529082162,
      0.9286375863211496,
      0.9161111065319606,
      0.9385455421039036,
      0.952288441998618,
      0.9541265345755079,
      0.9458157596134005,
      0.9510827109927222,
      0.9541845298948743,
      0.9516193344479517,
      0.9647728533971878,
      0.9575283867972237,
      0.9556642611821492,
      0.953883003053211,
      0.9598156792776927,
      0.9621634823935372,
      0.9553837668328059,
      0.9616296978223892,
      0.9622145034018016,
      0.9595046179635184,
      0.961870921793438,
      0.9598414148603167,
      0.9603856171880449,
      0.9635390582538785,
      0.9695635335786003,
      0.9616818972996303,
      0.962162494659424,
      0.9632699364707585,
      0.961559702101208,
      0.9667158785320465,
      0.9694095583189102,
      0.9639224608739216,
      0.9627254241988772,
      0.965103202774411,
      0.9679782492773873,
      0.9728945522081284,
      0.9655319565818424,
      0.9723924818493073,
      0.9516393831798009,
      0.9669373756363276
    ],