{
  "experiment_info": {
    "timestamp": "2025-08-05T13:55:50.532518",
    "model_name": "LayerSegmentationCNN",
    "datasets_used": [
      "Nemours",
      "Duke"
    ],
    "total_samples": 1010,
    "target_size": [
      224,
      224
    ]
  },
  "hyperparameters": {
    "num_classes": 3,
    "num_epochs": 5,
    "batch_size": 8,
    "learning_rate": 0.0001,
    "train_test_split": {
      "train": 808,
      "test": 202
    },
    "optimizer": "Adam",
    "loss_function": "CrossEntropyLoss + DiceLoss",
    "max_samples_per_dataset": 700
  },
  "training_metrics": {
    "train_losses": [
      1.4091789610315077,
      0.7713302869607906,
      0.7203094681890885,
      0.6680483278071526,
      0.5777875264682392
    ],
    "val_losses": [
      0.8534348102716299,
      0.7207316068502573,
      0.693954429947413,
      0.6306460511225921,
      0.5597466230392456
    ],
    "val_dice_scores": [
      0.4277950250663054,
      0.42805625632023203,
      0.42805625632023203,
      0.42805625632023203,
      0.42805625632023203
    ],
    "val_iou_scores": [
      0.39885744053679395,
      0.39912370692652005,
      0.39912370692652005,
      0.39912370692652005,
      0.39912370692652005
    ],
    "val_precision_scores": [
      0.561143907216879,
      0.5611149229300327,
      0.5611149229300327,
      0.5611149229300327,
      0.5611149229300327
    ],
    "val_recall_scores": [
      0.414044059239901,
      0.4143329185123245,
      0.4143329185123245,
      0.4143329185123245,
      0.4143329185123245
    ],
    "val_f1_scores": [
      0.42779502181861645,
      0.4280562567978333,
      0.4280562567978333,
      0.4280562567978333,
      0.4280562567978333
    ]
  },
  "final_performance": {
    "final_dice_score": 0.42805625632023203,
    "final_iou_score": 0.39912370692652005,
    "final_precision": 0.5611149229300327,
    "final_recall": 0.4143329185123245,
    "final_f1_score": 0.4280562567978333,
    "best_dice_score": 0.42805625632023203,
    "best_iou_score": 0.39912370692652005,
    "best_f1_score": 0.4280562567978333,
    "best_dice_epoch": 2,
    "best_iou_epoch": 2,
    "best_f1_epoch": 2
  }
}