epoch,train_loss,test_loss,test_mae
0,21591.306640625,26788.41796875,150.55206298828125
