{
  "experiment_info": {
    "timestamp": "2025-08-25T14:28:31.485401",
    "model_name": "LayerSegmentationCNN",
    "datasets_used": [
      "Nemours"
    ],
    "total_samples": 1266,
    "target_size": [
      224,
      224
    ]
  },
  "hyperparameters": {
    "num_classes": 3,
    "num_epochs": 50,
    "batch_size": 8,
    "learning_rate": 0.0001,
    "train_test_split": {
      "train": 1013,
      "test": 253
    },
    "optimizer": "Adam",
    "loss_function": "CrossEntropyLoss + DiceLoss",
    "max_samples_per_dataset": null
  },
  "training_metrics": {
    "train_losses": [
      1.3872030264749302,
      0.6545960914900922,
      0.37917678844271685,
      0.30169519946331114,
      0.2163745572013179,
      0.17327695146320374,
      0.149317125166495,
      0.14314869357140983,
      0.1431122038542755,
      0.12548355341661632,
      0.1217824680598702,
      0.11851355093201314,
      0.11177168094267056,
      0.10527751377717716,
      0.10333228841658652,
      0.09907396970771429,
      0.09585837295322906,
      0.09367846357306157,
      0.09740814733810312,
      0.08932971511417487,
      0.08975760978976573,
      0.09067756181040149,
      0.09012166504550168,
      0.08576879920217935,
      0.08402589450436314,
      0.083096965062102,
      0.08144711078269275,
      0.08775087308109276,
      0.07923842928423656,
      0.08023441808782225,
      0.079991218641283,
      0.07831689489521379,
      0.07887057314707538,
      0.07652985413126119,
      0.07671916484832764,
      0.07767832604801561,
      0.07730623545843786,
      0.07571582525499224,
      0.07385810828349722,
      0.07486602617061044,
      0.0721971317245735,
      0.07282647103305877,
      0.07415232528734395,
      0.07074145418335134,
      0.07136122454104461,
      0.07104658091983457,
      0.07008148524470216,
      0.07061664111853584,
      0.06824127264966176,
      0.06897819400068343
    ],
    "val_losses": [
      0.8391591608524323,
      0.46334366872906685,
      0.35319271218031645,
      0.2611185498535633,
      0.21379449823871255,
      0.17610900476574898,
      0.1776810095179826,
      0.1637379175517708,
      0.14945648703724146,
      0.1343435551971197,
      0.15712602157145739,
      0.12665976397693157,
      0.13019261742010713,
      0.14841510821133852,
      0.12556257029064,
      0.11644546315073967,
      0.11693616304546595,
      0.11976740485988557,
      0.11479211295954883,
      0.10776058887131512,
      0.10703859070781618,
      0.10601837781723589,
      0.10947577992919832,
      0.10678529716096818,
      0.10405538859777153,
      0.1039207890862599,
      0.10530340706463903,
      0.10124945326242596,
      0.1027796883136034,
      0.09959886618889868,
      0.09995673596858978,
      0.09795609046705067,
      0.10592685570009053,
      0.09695565211586654,
      0.1085302383871749,
      0.09851589740719646,
      0.09857641928829253,
      0.09990058105904609,
      0.09594032389577478,
      0.09649043157696724,
      0.09321526158601046,
      0.09118081571068615,
      0.09271044644992799,
      0.09366973605938256,
      0.10361964628100395,
      0.09376747824717313,
      0.09458258864469826,
      0.09057482646312565,
      0.0910150547279045,
      0.09437482745852321
    ],
    "val_dice_scores": [
      0.31095106961826485,
      0.7303185349640746,
      0.8001743516263863,
      0.8602564533551533,
      0.8937226453175147,
      0.9128580798084538,
      0.9127808014551798,
      0.9192118532955647,
      0.927754055087765,
      0.936915728263557,
      0.9232956922302644,
      0.9411441804841161,
      0.9390639200185735,
      0.9275260648379723,
      0.9387766169384122,
      0.945603149322172,
      0.9457988447199266,
      0.9441620133196315,
      0.9456078978255391,
      0.9517592374856274,
      0.9503029917056361,
      0.9538971244667968,
      0.9512727192292612,
      0.9493167928109567,
      0.95451697272559,
      0.9533586542432507,
      0.9538971334695816,
      0.9540940728038549,
      0.9554452026883762,
      0.9553795866668224,
      0.9561991576726238,
      0.9555184217169881,
      0.9505942879865568,
      0.9576072519024212,
      0.9522226819147666,
      0.9557191478088498,
      0.956663557017843,
      0.9561283371100823,
      0.9591393306230505,
      0.9568863986060023,
      0.9575548752521476,
      0.9585699321081241,
      0.958991959070166,
      0.9582647411152722,
      0.9527240634585421,
      0.9590793686608474,
      0.9567648312076926,
      0.9596163894360263,
      0.9590563901389639,
      0.9600228179867069
    ],
    "val_iou_scores": [
      0.2914018829663595,
      0.6347367162040125,
      0.7076210410644611,
      0.7774486211128533,
      0.8220851702305179,
      0.850550533272326,
      0.850898701697588,
      0.8598317202801506,
      0.8743382763738433,
      0.8888559589783351,
      0.8671325795973341,
      0.8960190108045936,
      0.8925088311855991,
      0.8738482215752204,
      0.8923143561308582,
      0.9033935129021605,
      0.9037735735376675,
      0.9009099751710892,
      0.9035488696147997,
      0.9138646529366573,
      0.9114296135182182,
      0.9175768516336879,
      0.9132208799322445,
      0.9097551088780165,
      0.9186680074781179,
      0.9164093773191173,
      0.9175379223500689,
      0.9178697889049847,
      0.9203845091784993,
      0.9201851611336072,
      0.9217176617433627,
      0.920255948478977,
      0.9119890456398327,
      0.9239955913896363,
      0.914859381193916,
      0.9206691076979041,
      0.9223601755996544,
      0.9211898582677046,
      0.92674093041569,
      0.9226682350660365,
      0.9239904684945941,
      0.9257237886389097,
      0.926385070507725,
      0.9252317923431596,
      0.9157354415704807,
      0.9266764832039673,
      0.9226731366167465,
      0.9275655612970392,
      0.926656087860465,
      0.9282107315957546
    ],
    "val_precision_scores": [
      0.29140242747962475,
      0.7048322572372854,
      0.7815694604068995,
      0.847775415206949,
      0.8935169080893198,
      0.9172169429560502,
      0.9142153939853112,
      0.9128052977224191,
      0.9281262457370758,
      0.9414847729106743,
      0.9249864351004362,
      0.9465320321420829,
      0.9440560583025217,
      0.939717239389817,
      0.9399965436508259,
      0.9510518374542396,
      0.94836361395816,
      0.9415358776847522,
      0.9539409348120291,
      0.9559569812069336,
      0.9547500399251778,
      0.9600978214293718,
      0.9597921489427488,
      0.9546026463309925,
      0.9632211768378813,
      0.9546962777773539,
      0.9617646895349026,
      0.9583228273938099,
      0.9635640264799197,
      0.9581819716840982,
      0.965673344830672,
      0.9605050111810367,
      0.9579531699419022,
      0.9627363178879023,
      0.9633210947116215,
      0.9594728493442137,
      0.9618900207181772,
      0.969525267680486,
      0.9664775294562181,
      0.9665175701181095,
      0.9589498769491911,
      0.9634128740678232,
      0.9614196798453728,
      0.9617820425579946,
      0.9624992708365123,
      0.9659354519098997,
      0.9623764498780171,
      0.9655473884195089,
      0.9684399471928676,
      0.9609786377598842
    ],