{
  "experiment_info": {
    "timestamp": "2025-08-25T12:18:06.193867",
    "model_name": "LayerSegmentationCNN",
    "datasets_used": [
      "Duke"
    ],
    "total_samples": 100,
    "target_size": [
      224,
      224
    ]
  },
  "hyperparameters": {
    "num_classes": 3,
    "num_epochs": 50,
    "batch_size": 8,
    "learning_rate": 0.0001,
    "train_test_split": {
      "train": 80,
      "test": 20
    },
    "optimizer": "Adam",
    "loss_function": "CrossEntropyLoss + DiceLoss",
    "max_samples_per_dataset": 100
  },
  "training_metrics": {
    "train_losses": [
      1.8221893310546875,
      1.8185895085334778,
      1.8150331377983093,
      1.8113504767417907,
      1.8042130947113038,
      1.7334664821624757,
      1.651247787475586,
      1.5785421967506408,
      1.5365606784820556,
      1.495104694366455,
      1.4181601643562316,
      1.323867416381836,
      1.306979501247406,
      1.277906560897827,
      1.2310857772827148,
      1.2327906847000123,
      1.1997110247612,
      1.1867833018302918,
      1.1738253116607666,
      1.1575936198234558,
      1.124470603466034,
      1.1212739109992982,
      1.082583749294281,
      1.2458704352378844,
      1.1259910404682159,
      1.0685043334960938,
      1.01938094496727,
      1.003967320919037,
      0.9902857542037964,
      0.9892138063907623,
      0.9609621644020081,
      0.947470074892044,
      0.9521956503391266,
      0.9766316175460815,
      0.9292979061603546,
      0.9150306820869446,
      0.9392748713493347,
      0.9882368683815003,
      0.9280108392238617,
      0.9178537428379059,
      0.920620346069336,
      0.8726700901985168,
      0.8804968595504761,
      0.8694695234298706,
      0.886806070804596,
      0.8850980877876282,
      0.8553137421607971,
      0.856300002336502,
      0.8569122970104217,
      0.8347109079360961
    ],
    "val_losses": [
      1.8203149636586506,
      1.8167387247085571,
      1.8131397167841594,
      1.8091612259546916,
      1.7870146830876668,
      1.6992803812026978,
      1.5982935031255086,
      1.549098054567973,
      1.5115659634272258,
      1.4589168230692546,
      1.3497023582458496,
      1.2709397077560425,
      1.3831608295440674,
      1.2550892035166423,
      1.216810901959737,
      1.1946967045466106,
      1.1701771418253581,
      1.151934544245402,
      1.1609129110972087,
      1.1828054587046306,
      1.1604033311208088,
      1.0820711851119995,
      1.0711708863576253,
      1.222775975863139,
      1.0265463987986247,
      1.0132134755452473,
      1.0004945794741313,
      0.9795017838478088,
      0.9735771814982096,
      0.9710136651992798,
      0.9393078287442526,
      0.9495693842569987,
      1.0946474075317383,
      0.933325469493866,
      0.9244419733683268,
      0.983116865158081,
      1.021564503510793,
      0.898836354414622,
      0.981582780679067,
      0.9421961506207784,
      0.8803293506304423,
      0.890999436378479,
      0.8561890125274658,
      0.8620205521583557,
      0.8931571841239929,
      0.8610193729400635,
      0.8763837814331055,
      0.8431978623072306,
      0.8406485915184021,
      0.8171332081158956
    ],
    "val_dice_scores": [
      0.20723513265450796,
      0.23618331799904504,
      0.24463258186976114,
      0.24463258186976114,
      0.24569306342972494,
      0.3084386272562875,
      0.3010943997910039,
      0.28825391008932555,
      0.24557823683911315,
      0.24465719858805338,
      0.2450541191630893,
      0.2452225685119629,
      0.2452137271563212,
      0.24511965115865073,
      0.24469874148760737,
      0.24482614197444894,
      0.24498702425565475,
      0.24503469425892235,
      0.24502863142252962,
      0.24508332365237748,
      0.2448751940084751,
      0.2456836006992186,
      0.24500685974877948,
      0.24576173105742782,
      0.24542904682392774,
      0.24601786076608634,
      0.247012989440312,
      0.24931221900300846,
      0.24729979240025082,
      0.26207202797134715,
      0.26175559850202673,
      0.2529254619859987,
      0.2697166990902689,
      0.2571388356801536,
      0.29550686147477895,
      0.31497017708089614,
      0.3261696248494748,
      0.3347433225976096,
      0.3801994058820936,
      0.3828163560141952,
      0.393685777982076,
      0.38573012087080216,
      0.3875300730109706,
      0.42400383798505775,
      0.38299011039958303,
      0.4037500909374406,
      0.43241441368849737,
      0.4163421268264453,
      0.46518653134504956,
      0.4924676451418135
    ],
    "val_iou_scores": [
      0.13732327976160577,
      0.1669617001381185,
      0.19321986039479574,
      0.19321986039479574,
      0.19453838609479135,
      0.2180071357223723,
      0.21739475680644518,
      0.21146497127160224,
      0.19316268647607004,
      0.19325058990054664,
      0.19374634822209677,
      0.1939569976594713,
      0.19394591781828138,
      0.19382827811770972,
      0.1933002729241606,
      0.1933183774025464,
      0.1936270352301411,
      0.19370765169201654,
      0.19369890486026028,
      0.19374740571543547,
      0.1934807199391394,
      0.19390355816317928,
      0.19351510891040866,
      0.19416666525648907,
      0.1940264517745365,
      0.19433384816188157,
      0.19489295666830406,
      0.1965875609053506,
      0.19546471752174613,
      0.203913358764516,
      0.20382833832667932,
      0.19886851269337869,
      0.2087297373347812,
      0.2012644987553358,
      0.22317695120970407,
      0.23623048265775046,
      0.24525271221096367,
      0.2509538862440321,
      0.28205373883247375,
      0.28422801475486875,
      0.29663171701961094,
      0.2909889171520869,
      0.2920334325058825,
      0.3228195918062637,
      0.2888557012669884,
      0.3057449795435079,
      0.3322113120876667,
      0.31427744900186855,
      0.35523810755047536,
      0.37190041608280605
    ],
    "val_precision_scores": [
      0.20976717066433695,
      0.2092317599389288,
      0.19408243894577026,
      0.19408243894577026,
      0.25944719711939496,
      0.3166155252191756,
      0.3399204657309585,
      0.33387134803666013,
      0.2399582846297158,
      0.19409531354904175,
      0.1943029893769158,
      0.19439105855094063,
      0.19438643587960136,
      0.19433724880218506,
      0.1942477011729756,
      0.20184949112849104,
      0.1968726743426588,
      0.19546893398122242,
      0.1955461019857062,
      0.19726736465882924,
      0.19695283855415055,
      0.22967240297132066,
      0.2045841639240583,
      0.23039457036389246,
      0.21215932464434042,
      0.243545350101259,
      0.28387297358777785,
      0.45683815081914264,
      0.39088179998927647,
      0.49285605880949235,
      0.489113105667962,
      0.42110515303081936,
      0.4608706831932068,
      0.45171241627799136,
      0.43417393498950535,
      0.44125112560060287,
      0.6149199141396416,
      0.49821879466374713,
      0.42881362305747145,
      0.559563656648,
      0.4990794526206123,
      0.4982620411449008,
      0.6111770868301392,
      0.5946789052751329,
      0.6099458734194437,
      0.8356330394744873,
      0.8391255074077183,
      0.808512979083591,
      0.8107846114370557,
      0.8306289712587992
    ],