{
  "experiment_info": {
    "timestamp": "2025-08-25T12:56:52.963489",
    "model_name": "LayerSegmentationCNN",
    "datasets_used": [
      "Nemours"
    ],
    "total_samples": 1266,
    "target_size": [
      224,
      224
    ]
  },
  "hyperparameters": {
    "num_classes": 3,
    "num_epochs": 50,
    "batch_size": 8,
    "learning_rate": 0.0001,
    "train_test_split": {
      "train": 1013,
      "test": 253
    },
    "optimizer": "Adam",
    "loss_function": "CrossEntropyLoss + DiceLoss",
    "max_samples_per_dataset": null
  },
  "training_metrics": {
    "train_losses": [
      1.3975381391254935,
      0.7015628605846345,
      0.4137200675611421,
      0.3099496565231188,
      0.23611397384189245,
      0.19493576074679067,
      0.17980639196521653,
      0.1590402768118175,
      0.1481652000522989,
      0.13831284190491427,
      0.13081091947442902,
      0.12559989751793268,
      0.11690801622595375,
      0.11367731781925743,
      0.1131732797646147,
      0.10833774768109397,
      0.10673763729103906,
      0.10286070450436412,
      0.10044511862275168,
      0.099594973761031,
      0.09715003053855709,
      0.09567426546938776,
      0.0935244997303317,
      0.09316725169462482,
      0.09545858409695739,
      0.09382578058857617,
      0.09218582188285242,
      0.08943389505734593,
      0.09017199917337088,
      0.08831471213557589,
      0.08623752748872351,
      0.08627008344596765,
      0.08809462538737012,
      0.08580768240366395,
      0.08499233148933395,
      0.08543582935267546,
      0.08272787570718705,
      0.0840397819172679,
      0.08538022188572433,
      0.08123521629984923,
      0.0805651562244404,
      0.08586806443145895,
      0.08418018221268504,
      0.08012241937630758,
      0.07918628445995135,
      0.08078205858276585,
      0.07941366198260015,
      0.0763604732772966,
      0.07893977270234288,
      0.07705383964880246
    ],
    "val_losses": [
      0.8289697710424662,
      0.47819198947399855,
      0.34512386098504066,
      0.2712487978860736,
      0.20032262336462736,
      0.17496078833937645,
      0.15667182905599475,
      0.17286948999390006,
      0.12742222822271287,
      0.12737058103084564,
      0.1117609313223511,
      0.12544347601942718,
      0.10806470457464457,
      0.11003566719591618,
      0.13083574152551591,
      0.09707490797154605,
      0.0910114940488711,
      0.09261362382676452,
      0.0899000788340345,
      0.0928395688533783,
      0.0875450917519629,
      0.0840150648728013,
      0.10902242502197623,
      0.08704819553531706,
      0.09170557500328869,
      0.08275707031134516,
      0.08808453369420022,
      0.07877638435456902,
      0.08400364778935909,
      0.0787902659503743,
      0.07805020688101649,
      0.07961638108827174,
      0.08945196284912527,
      0.08428917080163956,
      0.07692218013107777,
      0.07512966427020729,
      0.07820437045302242,
      0.07638665952254087,
      0.0794432417023927,
      0.07377996062859893,
      0.08213864173740149,
      0.07560368126723915,
      0.07738612208049744,
      0.07613983610644937,
      0.0740694779669866,
      0.06968060275539756,
      0.06961810705251992,
      0.06959132268093526,
      0.0747411681804806,
      0.06918756547383964
    ],
    "val_dice_scores": [
      0.3112801412741343,
      0.6325243133663511,
      0.7947043118377526,
      0.8547568644086521,
      0.8920515968153874,
      0.9074165616184473,
      0.9179519942651192,
      0.9035915620625019,
      0.9357376278688511,
      0.932597932095329,
      0.9433786527564129,
      0.932602358981967,
      0.9468678012490273,
      0.9426547686258951,
      0.9273041629542906,
      0.9522289770344893,
      0.955615754549702,
      0.9543005780627329,
      0.9561748585353296,
      0.9537080246955156,
      0.9570287509510914,
      0.9590993635356426,
      0.9424560517072678,
      0.9563726012905439,
      0.9549319744110107,
      0.9599688885112604,
      0.9562193838258584,
      0.9617488849908113,
      0.9574769691874583,
      0.9623703708251317,
      0.9619545905540386,
      0.960354732349515,
      0.9534684463093679,
      0.959001590187351,
      0.9615702535957098,
      0.9630374802897375,
      0.9612464550882578,
      0.9615121576935053,
      0.9605864845216274,
      0.963657746091485,
      0.9568618418027957,
      0.9623235817998648,
      0.9609243261317413,
      0.9628724455833435,
      0.9631003166238468,
      0.9662589803338051,
      0.9655652648458878,
      0.9651595347871382,
      0.9616522366801898,
      0.9656128734350204
    ],
    "val_iou_scores": [
      0.2919713693360488,
      0.5683840154088102,
      0.7023902386426926,
      0.768792076036334,
      0.8176603525256118,
      0.8395358299215635,
      0.8562614936381578,
      0.8359458446502686,
      0.8840510422984759,
      0.8796450520555179,
      0.8968961046387751,
      0.8799248381207386,
      0.902746691678961,
      0.8959120847284794,
      0.8716971719016631,
      0.9116194614519675,
      0.9175804673383634,
      0.9152927119284868,
      0.9185262465228636,
      0.9142931004365286,
      0.920043555398782,
      0.9236673035969337,
      0.8958187742779653,
      0.9190653655678034,
      0.9161352080603441,
      0.9249912953625123,
      0.9187159910798073,
      0.9282601748903592,
      0.9209751238425574,
      0.9293287868301074,
      0.9286983534693718,
      0.9259663211802642,
      0.9142333008348942,
      0.92347085972627,
      0.9281045713772377,
      0.9305502753704786,
      0.9274755182365577,
      0.9280032192667326,
      0.9262799322605133,
      0.9317665851364533,
      0.9199645686894655,
      0.9293673038482666,
      0.9269208883245786,
      0.9300021411230166,
      0.9307270515710115,
      0.936348885918657,
      0.9350955250362555,
      0.9344236614803474,
      0.9282453587899606,
      0.9351980735858281
    ],
    "val_precision_scores": [
      0.292023504152894,
      0.6831156759678075,
      0.7736593115453918,
      0.8319639718780916,
      0.8903176505118608,
      0.901211591437459,
      0.9090964216738939,
      0.8854578118771314,
      0.9406691131492456,
      0.9237581534932058,
      0.9453963960210483,
      0.9193944775809844,
      0.9407767746597528,
      0.9397293111930292,
      0.929347475990653,
      0.9460831961284081,
      0.957725537319978,
      0.9560338668525219,
      0.9578048444042604,
      0.9541867468506098,
      0.9609002334376175,
      0.959290084739526,
      0.9428090111662945,
      0.9497941633065541,
      0.9467781155059736,
      0.9540204741060734,
      0.9675515275448561,
      0.9593681003898382,
      0.955388123790423,
      0.9650135940561692,
      0.9668492910762628,
      0.967068632443746,
      0.9582415291418631,
      0.967906038587292,
      0.9676239291826885,
      0.9619315272818009,
      0.9702325786153476,
      0.9638751577585936,
      0.9660564828664064,
      0.9619728066027164,
      0.9640516558041176,
      0.9709658219168583,
      0.9599010466287533,
      0.9688433706760406,
      0.9586678196986517,
      0.9622184180965025,
      0.970010527720054,
      0.9651649097601572,
      0.9639983406911293,
      0.9685567015161117
    ],