{
  "experiment_info": {
    "timestamp": "2025-08-25T15:11:18.452625",
    "model_name": "LayerSegmentationCNN",
    "datasets_used": [
      "Nemours"
    ],
    "total_samples": 1266,
    "target_size": [
      224,
      224
    ]
  },
  "hyperparameters": {
    "num_classes": 3,
    "num_epochs": 50,
    "batch_size": 8,
    "learning_rate": 0.0001,
    "train_test_split": {
      "train": 1013,
      "test": 253
    },
    "optimizer": "Adam",
    "loss_function": "CrossEntropyLoss + DiceLoss",
    "max_samples_per_dataset": null
  },
  "training_metrics": {
    "train_losses": [
      1.374858596193509,
      0.6425124059511921,
      0.3902183667881282,
      0.2995615883136359,
      0.22330144728262594,
      0.18850170639086897,
      0.16773726046085358,
      0.15413555268227586,
      0.14936562457422572,
      0.14559758554293414,
      0.1297280075043205,
      0.12386823568757124,
      0.12443535933344382,
      0.11559931986679242,
      0.11721561174458406,
      0.10863495929034676,
      0.10572092692683062,
      0.10315877383970838,
      0.10246921855750984,
      0.09989291681783406,
      0.09923595160715223,
      0.09622620609332258,
      0.09336145119521562,
      0.09542172355210687,
      0.09184735341686902,
      0.09246857690177565,
      0.09135522787261197,
      0.08697048715484423,
      0.0890614246641557,
      0.0894139024509689,
      0.08727644463106403,
      0.08516497434828225,
      0.08850841232993471,
      0.08562096865393046,
      0.08666095545324753,
      0.08462250297229121,
      0.08322876785683819,
      0.08165513515824407,
      0.0838453694884702,
      0.08359011385853835,
      0.08299539423012357,
      0.08312420268345067,
      0.0805002696460157,
      0.08043909184341355,
      0.0795920533164749,
      0.07855833917269557,
      0.07999644484224282,
      0.07833042074962863,
      0.07578495364841514,
      0.07633892109426926
    ],
    "val_losses": [
      0.7894106917083263,
      0.44522039219737053,
      0.3378890212625265,
      0.2838488006964326,
      0.20395041350275278,
      0.16209555184468627,
      0.14441307680681348,
      0.13326753047294915,
      0.13731997623108327,
      0.1127988959196955,
      0.1100783885922283,
      0.11588810454122722,
      0.10859715845435858,
      0.09551564650610089,
      0.09112511528655887,
      0.09349665348418057,
      0.09121207054704428,
      0.09091709414497018,
      0.09041891887318343,
      0.0837150359293446,
      0.07819550146814436,
      0.07869598874822259,
      0.07882668566890061,
      0.08119906287174672,
      0.08081233513075858,
      0.07366028963588178,
      0.07596778112929314,
      0.07244347257073969,
      0.08629080932587385,
      0.07087294990196824,
      0.07083071419037879,
      0.07844206551089883,
      0.07140893151517957,
      0.07035462534986436,
      0.07245550979860127,
      0.07274567743297666,
      0.07510832161642611,
      0.07021708611864597,
      0.07136096339672804,
      0.07217678381130099,
      0.07418416277505457,
      0.07460506830830127,
      0.0658337970962748,
      0.08757251559291035,
      0.06655560119543225,
      0.06572752865031362,
      0.06966833292972296,
      0.06464602192863822,
      0.06935273029375821,
      0.06292350892908871
    ],
    "val_dice_scores": [
      0.3112760027938748,
      0.6831149820548793,
      0.8040937427431345,
      0.8330772606035074,
      0.8857373235126337,
      0.9116787270953258,
      0.9230477120727301,
      0.9269469380378723,
      0.9264411752422651,
      0.9407792588075002,
      0.9432590131958326,
      0.9363484426091114,
      0.9407647450764973,
      0.9494635798037052,
      0.9530492965131998,
      0.9503285686175028,
      0.9520791837324699,
      0.95202091584603,
      0.9515768165389696,
      0.9571190898617108,
      0.9608371487508218,
      0.9601316768676043,
      0.9603338651359081,
      0.9576871953904629,
      0.9594151216248672,
      0.9624261998881896,
      0.9606515374034643,
      0.96296002343297,
      0.9534856689472992,
      0.9640656349559625,
      0.9636831463625033,
      0.9584301474193733,
      0.9632950207839409,
      0.9639936132977406,
      0.9624998966852824,
      0.9623502381145954,
      0.9603817990670602,
      0.9642045330256224,
      0.9632790914426247,
      0.9622125582148632,
      0.9634355995804071,
      0.9620360949387152,
      0.9665746930986643,
      0.9528035384913287,
      0.9658505295713743,
      0.9663844592869282,
      0.963586593667666,
      0.9673443908492724,
      0.9645059102525314,
      0.9676600055148203
    ],
    "val_iou_scores": [
      0.29180844154996066,
      0.6050185289544364,
      0.711427416652441,
      0.743240027067562,
      0.808584368477265,
      0.8462436137100061,
      0.8641403137395779,
      0.8707178191592296,
      0.8692385380466779,
      0.892698124051094,
      0.896941505993406,
      0.8860294334590435,
      0.8929488124946754,
      0.9074093153079351,
      0.9132928351561229,
      0.9089294398824375,
      0.9116763925800722,
      0.9118472710251808,
      0.911079720283548,
      0.9202498154093821,
      0.9267567029843728,
      0.925506554543972,
      0.9258786917974551,
      0.9212779638667901,
      0.9239971563220024,
      0.9295618397494156,
      0.9265473491201799,
      0.9305872830251852,
      0.9144255711386602,
      0.9325069642315309,
      0.9318284001201391,
      0.9228419220695894,
      0.9311451104780037,
      0.9324073207875092,
      0.9297589647273223,
      0.9294842003534238,
      0.9262168680628141,
      0.9326581321656704,
      0.9311408710976442,
      0.9294140245765448,
      0.9310757418473562,
      0.9289791608850162,
      0.937013940885663,
      0.9133109115064144,
      0.9357849055280288,
      0.9367154687643051,
      0.9316776034732659,
      0.9382941716661056,
      0.9332650229334831,
      0.9389600058396658
    ],
    "val_precision_scores": [
      0.30093906426191097,
      0.7274291645735502,
      0.7886430335541567,
      0.8394398285696905,
      0.8735720316569011,
      0.9159939487775166,
      0.9290454455961784,
      0.9293592423200607,
      0.9201991508404415,
      0.9457873043914635,
      0.9360840308169525,
      0.9280553062756857,
      0.9420008435845375,
      0.9517709935704867,
      0.9532928386082252,
      0.9497885424643755,
      0.9530945854882399,
      0.9459665138274431,
      0.9446116654823224,
      0.9522259744505088,
      0.9579725805670023,
      0.9613395432631174,
      0.9588885139673948,
      0.9560005329549313,
      0.9509741986791292,
      0.9589131226142247,
      0.9653163552284241,
      0.9637637492269278,
      0.9527342307070892,
      0.9655488077551126,
      0.9612824308375518,
      0.9563621294995149,
      0.9624512332181137,
      0.9647662763794264,
      0.9576922239114841,
      0.9636542554944754,
      0.9596049375832081,
      0.9633565042167902,
      0.9579184912145138,
      0.9585236733158431,
      0.9693564058591922,
      0.9563594895104568,
      0.9640117039283116,
      0.9454302204151949,
      0.9689161342879137,
      0.9693004172295332,
      0.9619594682008028,
      0.9652215366562208,
      0.9702819144974153,
      0.9685348160564899
    ],